subject_id_namespace	subject_local_id	role_id	taxonomy_id
http://www.lincsproject.org/	CD34	cfde_subject_role:4	NCBI:txid9606
http://www.lincsproject.org/	HL60	cfde_subject_role:4	NCBI:txid9606
http://www.lincsproject.org/	PC3	cfde_subject_role:4	NCBI:txid9606
http://www.lincsproject.org/	U937	cfde_subject_role:4	NCBI:txid9606
http://www.lincsproject.org/	MCF7	cfde_subject_role:4	NCBI:txid9606
http://www.lincsproject.org/	A375	cfde_subject_role:4	NCBI:txid9606
http://www.lincsproject.org/	HEK293T	cfde_subject_role:4	NCBI:txid9606
http://www.lincsproject.org/	HA1E	cfde_subject_role:4	NCBI:txid9606
http://www.lincsproject.org/	HCC515	cfde_subject_role:4	NCBI:txid9606
http://www.lincsproject.org/	VCAP	cfde_subject_role:4	NCBI:txid9606
http://www.lincsproject.org/	HEPG2	cfde_subject_role:4	NCBI:txid9606
http://www.lincsproject.org/	HT29	cfde_subject_role:4	NCBI:txid9606
http://www.lincsproject.org/	A549	cfde_subject_role:4	NCBI:txid9606
http://www.lincsproject.org/	A673	cfde_subject_role:4	NCBI:txid9606
http://www.lincsproject.org/	AGS	cfde_subject_role:4	NCBI:txid9606
http://www.lincsproject.org/	CL34	cfde_subject_role:4	NCBI:txid9606
http://www.lincsproject.org/	CORL23	cfde_subject_role:4	NCBI:txid9606
http://www.lincsproject.org/	COV644	cfde_subject_role:4	NCBI:txid9606
http://www.lincsproject.org/	DV90	cfde_subject_role:4	NCBI:txid9606
http://www.lincsproject.org/	EFO27	cfde_subject_role:4	NCBI:txid9606
http://www.lincsproject.org/	H1299	cfde_subject_role:4	NCBI:txid9606
http://www.lincsproject.org/	HCC15	cfde_subject_role:4	NCBI:txid9606
http://www.lincsproject.org/	HCT116	cfde_subject_role:4	NCBI:txid9606
http://www.lincsproject.org/	HEC108	cfde_subject_role:4	NCBI:txid9606
http://www.lincsproject.org/	HT115	cfde_subject_role:4	NCBI:txid9606
http://www.lincsproject.org/	JHUEM2	cfde_subject_role:4	NCBI:txid9606
http://www.lincsproject.org/	LOVO	cfde_subject_role:4	NCBI:txid9606
http://www.lincsproject.org/	MDST8	cfde_subject_role:4	NCBI:txid9606
http://www.lincsproject.org/	NCIH1694	cfde_subject_role:4	NCBI:txid9606
http://www.lincsproject.org/	NCIH1836	cfde_subject_role:4	NCBI:txid9606
http://www.lincsproject.org/	NCIH2073	cfde_subject_role:4	NCBI:txid9606
http://www.lincsproject.org/	NCIH508	cfde_subject_role:4	NCBI:txid9606
http://www.lincsproject.org/	NCIH596	cfde_subject_role:4	NCBI:txid9606
http://www.lincsproject.org/	NOMO1	cfde_subject_role:4	NCBI:txid9606
http://www.lincsproject.org/	OV7	cfde_subject_role:4	NCBI:txid9606
http://www.lincsproject.org/	PL21	cfde_subject_role:4	NCBI:txid9606
http://www.lincsproject.org/	RKO	cfde_subject_role:4	NCBI:txid9606
http://www.lincsproject.org/	RMGI	cfde_subject_role:4	NCBI:txid9606
http://www.lincsproject.org/	RMUGS	cfde_subject_role:4	NCBI:txid9606
http://www.lincsproject.org/	SKLU1	cfde_subject_role:4	NCBI:txid9606
http://www.lincsproject.org/	SKM1	cfde_subject_role:4	NCBI:txid9606
http://www.lincsproject.org/	SKMEL1	cfde_subject_role:4	NCBI:txid9606
http://www.lincsproject.org/	SKMEL28	cfde_subject_role:4	NCBI:txid9606
http://www.lincsproject.org/	SNGM	cfde_subject_role:4	NCBI:txid9606
http://www.lincsproject.org/	SNU1040	cfde_subject_role:4	NCBI:txid9606
http://www.lincsproject.org/	SNUC4	cfde_subject_role:4	NCBI:txid9606
http://www.lincsproject.org/	SNUC5	cfde_subject_role:4	NCBI:txid9606
http://www.lincsproject.org/	SW480	cfde_subject_role:4	NCBI:txid9606
http://www.lincsproject.org/	SW620	cfde_subject_role:4	NCBI:txid9606
http://www.lincsproject.org/	SW948	cfde_subject_role:4	NCBI:txid9606
http://www.lincsproject.org/	T3M10	cfde_subject_role:4	NCBI:txid9606
http://www.lincsproject.org/	THP1	cfde_subject_role:4	NCBI:txid9606
http://www.lincsproject.org/	TYKNU	cfde_subject_role:4	NCBI:txid9606
http://www.lincsproject.org/	WSUDLCL2	cfde_subject_role:4	NCBI:txid9606
http://www.lincsproject.org/	ASC	cfde_subject_role:4	NCBI:txid9606
http://www.lincsproject.org/	NEU	cfde_subject_role:4	NCBI:txid9606
http://www.lincsproject.org/	NPC	cfde_subject_role:4	NCBI:txid9606
http://www.lincsproject.org/	PHH	cfde_subject_role:4	NCBI:txid9606
http://www.lincsproject.org/	SKB	cfde_subject_role:4	NCBI:txid9606
http://www.lincsproject.org/	HUH7	cfde_subject_role:4	NCBI:txid9606
http://www.lincsproject.org/	SHSY5Y	cfde_subject_role:4	NCBI:txid9606
http://www.lincsproject.org/	SKL	cfde_subject_role:4	NCBI:txid9606
http://www.lincsproject.org/	HS27A	cfde_subject_role:4	NCBI:txid9606
http://www.lincsproject.org/	BT20	cfde_subject_role:4	NCBI:txid9606
http://www.lincsproject.org/	HS578T	cfde_subject_role:4	NCBI:txid9606
http://www.lincsproject.org/	MCF10A	cfde_subject_role:4	NCBI:txid9606
http://www.lincsproject.org/	MDAMB231	cfde_subject_role:4	NCBI:txid9606
http://www.lincsproject.org/	SKBR3	cfde_subject_role:4	NCBI:txid9606
http://www.lincsproject.org/	NKDBA	cfde_subject_role:4	NCBI:txid9606
http://www.lincsproject.org/	FIBRNPC	cfde_subject_role:4	NCBI:txid9606
http://www.lincsproject.org/	JURKAT	cfde_subject_role:4	NCBI:txid9606
http://www.lincsproject.org/	U266	cfde_subject_role:4	NCBI:txid9606
http://www.lincsproject.org/	MCH58	cfde_subject_role:4	NCBI:txid9606
http://www.lincsproject.org/	NCIH716	cfde_subject_role:4	NCBI:txid9606
http://www.lincsproject.org/	HEKTE	cfde_subject_role:4	NCBI:txid9606
http://www.lincsproject.org/	U2OS	cfde_subject_role:4	NCBI:txid9606
http://www.lincsproject.org/	A375.311	cfde_subject_role:4	NCBI:txid9606
http://www.lincsproject.org/	A549.311	cfde_subject_role:4	NCBI:txid9606
http://www.lincsproject.org/	ASC.C	cfde_subject_role:4	NCBI:txid9606
http://www.lincsproject.org/	HA1E.101	cfde_subject_role:4	NCBI:txid9606
http://www.lincsproject.org/	HA1E.311	cfde_subject_role:4	NCBI:txid9606
http://www.lincsproject.org/	HELA.311	cfde_subject_role:4	NCBI:txid9606
http://www.lincsproject.org/	HME1	cfde_subject_role:4	NCBI:txid9606
http://www.lincsproject.org/	HT29.311	cfde_subject_role:4	NCBI:txid9606
http://www.lincsproject.org/	HUVEC	cfde_subject_role:4	NCBI:txid9606
http://www.lincsproject.org/	LNCAP	cfde_subject_role:4	NCBI:txid9606
http://www.lincsproject.org/	MCF7.101	cfde_subject_role:4	NCBI:txid9606
http://www.lincsproject.org/	MCF7.311	cfde_subject_role:4	NCBI:txid9606
http://www.lincsproject.org/	NPC.TAK	cfde_subject_role:4	NCBI:txid9606
http://www.lincsproject.org/	PC3.101	cfde_subject_role:4	NCBI:txid9606
http://www.lincsproject.org/	PC3.311	cfde_subject_role:4	NCBI:txid9606
http://www.lincsproject.org/	SKL.C	cfde_subject_role:4	NCBI:txid9606
http://www.lincsproject.org/	YAPC.311	cfde_subject_role:4	NCBI:txid9606
http://www.lincsproject.org/	HUES3	cfde_subject_role:4	NCBI:txid9606
http://www.lincsproject.org/	MNEU.E	cfde_subject_role:4	NCBI:txid9606
http://www.lincsproject.org/	NPC.CAS9	cfde_subject_role:4	NCBI:txid9606
http://www.lincsproject.org/	HELA	cfde_subject_role:4	NCBI:txid9606
http://www.lincsproject.org/	YAPC	cfde_subject_role:4	NCBI:txid9606
http://www.lincsproject.org/	GTEX-XYKS	cfde_subject_role:0	NCBI:txid9606
http://www.lincsproject.org/	GTEX-XMK1	cfde_subject_role:0	NCBI:txid9606
http://www.lincsproject.org/	GTEX-XBEW	cfde_subject_role:0	NCBI:txid9606
http://www.lincsproject.org/	GTEX-POYW	cfde_subject_role:0	NCBI:txid9606
http://www.lincsproject.org/	GTEX-RNOR	cfde_subject_role:0	NCBI:txid9606
http://www.lincsproject.org/	GTEX-QDT8	cfde_subject_role:0	NCBI:txid9606
http://www.lincsproject.org/	GTEX-QEG4	cfde_subject_role:0	NCBI:txid9606
http://www.lincsproject.org/	GTEX-P78B	cfde_subject_role:0	NCBI:txid9606
http://www.lincsproject.org/	GTEX-QEG5	cfde_subject_role:0	NCBI:txid9606
http://www.lincsproject.org/	GTEX-SN8G	cfde_subject_role:0	NCBI:txid9606
http://www.lincsproject.org/	GTEX-O5YV	cfde_subject_role:0	NCBI:txid9606
http://www.lincsproject.org/	GTEX-ZTX8	cfde_subject_role:0	NCBI:txid9606
http://www.lincsproject.org/	GTEX-PLZ6	cfde_subject_role:0	NCBI:txid9606
http://www.lincsproject.org/	GTEX-WH7G	cfde_subject_role:0	NCBI:txid9606
http://www.lincsproject.org/	GTEX-S4Q7	cfde_subject_role:0	NCBI:txid9606
http://www.lincsproject.org/	GTEX-YEC4	cfde_subject_role:0	NCBI:txid9606
http://www.lincsproject.org/	GTEX-OHPL	cfde_subject_role:0	NCBI:txid9606
http://www.lincsproject.org/	GTEX-ZDTT	cfde_subject_role:0	NCBI:txid9606
http://www.lincsproject.org/	GTEX-QCQG	cfde_subject_role:0	NCBI:txid9606
http://www.lincsproject.org/	GTEX-PW2O	cfde_subject_role:0	NCBI:txid9606
http://www.lincsproject.org/	GTEX-XUJ4	cfde_subject_role:0	NCBI:txid9606
http://www.lincsproject.org/	GTEX-XK95	cfde_subject_role:0	NCBI:txid9606
http://www.lincsproject.org/	GTEX-SNMC	cfde_subject_role:0	NCBI:txid9606
http://www.lincsproject.org/	GTEX-X15G	cfde_subject_role:0	NCBI:txid9606
http://www.lincsproject.org/	GTEX-NFK9	cfde_subject_role:0	NCBI:txid9606
http://www.lincsproject.org/	GTEX-U3ZN	cfde_subject_role:0	NCBI:txid9606
http://www.lincsproject.org/	GTEX-UTHO	cfde_subject_role:0	NCBI:txid9606
http://www.lincsproject.org/	GTEX-OHPK	cfde_subject_role:0	NCBI:txid9606
http://www.lincsproject.org/	GTEX-TMMY	cfde_subject_role:0	NCBI:txid9606
http://www.lincsproject.org/	GTEX-OXRL	cfde_subject_role:0	NCBI:txid9606
http://www.lincsproject.org/	GTEX-Y9LG	cfde_subject_role:0	NCBI:txid9606
http://www.lincsproject.org/	GTEX-RWSA	cfde_subject_role:0	NCBI:txid9606
http://www.lincsproject.org/	GTEX-V955	cfde_subject_role:0	NCBI:txid9606
http://www.lincsproject.org/	GTEX-WK11	cfde_subject_role:0	NCBI:txid9606
http://www.lincsproject.org/	GTEX-Y111	cfde_subject_role:0	NCBI:txid9606
http://www.lincsproject.org/	GTEX-YEC3	cfde_subject_role:0	NCBI:txid9606
http://www.lincsproject.org/	GTEX-Y8E4	cfde_subject_role:0	NCBI:txid9606
http://www.lincsproject.org/	GTEX-S3XE	cfde_subject_role:0	NCBI:txid9606
http://www.lincsproject.org/	GTEX-PWOO	cfde_subject_role:0	NCBI:txid9606
http://www.lincsproject.org/	GTEX-Q734	cfde_subject_role:0	NCBI:txid9606
http://www.lincsproject.org/	GTEX-T5JW	cfde_subject_role:0	NCBI:txid9606
http://www.lincsproject.org/	GTEX-XQ3S	cfde_subject_role:0	NCBI:txid9606
http://www.lincsproject.org/	GTEX-X638	cfde_subject_role:0	NCBI:txid9606
http://www.lincsproject.org/	GTEX-PWN1	cfde_subject_role:0	NCBI:txid9606
http://www.lincsproject.org/	GTEX-ZVT3	cfde_subject_role:0	NCBI:txid9606
http://www.lincsproject.org/	GTEX-QESD	cfde_subject_role:0	NCBI:txid9606
http://www.lincsproject.org/	GTEX-Q2AG	cfde_subject_role:0	NCBI:txid9606
http://www.lincsproject.org/	GTEX-ZTSS	cfde_subject_role:0	NCBI:txid9606
http://www.lincsproject.org/	GTEX-XOTO	cfde_subject_role:0	NCBI:txid9606
http://www.lincsproject.org/	GTEX-TKQ2	cfde_subject_role:0	NCBI:txid9606
http://www.lincsproject.org/	GTEX-ZE7O	cfde_subject_role:0	NCBI:txid9606
http://www.lincsproject.org/	GTEX-XQ8I	cfde_subject_role:0	NCBI:txid9606
http://www.lincsproject.org/	GTEX-WVJS	cfde_subject_role:0	NCBI:txid9606
http://www.lincsproject.org/	GTEX-ZLWG	cfde_subject_role:0	NCBI:txid9606
http://www.lincsproject.org/	GTEX-VUSG	cfde_subject_role:0	NCBI:txid9606
http://www.lincsproject.org/	GTEX-PX3G	cfde_subject_role:0	NCBI:txid9606
http://www.lincsproject.org/	GTEX-RVPV	cfde_subject_role:0	NCBI:txid9606
http://www.lincsproject.org/	GTEX-S341	cfde_subject_role:0	NCBI:txid9606
http://www.lincsproject.org/	GTEX-ZPIC	cfde_subject_role:0	NCBI:txid9606
http://www.lincsproject.org/	GTEX-WOFM	cfde_subject_role:0	NCBI:txid9606
http://www.lincsproject.org/	GTEX-Y5V6	cfde_subject_role:0	NCBI:txid9606
http://www.lincsproject.org/	GTEX-X4LF	cfde_subject_role:0	NCBI:txid9606
http://www.lincsproject.org/	GTEX-XXEK	cfde_subject_role:0	NCBI:txid9606
http://www.lincsproject.org/	GTEX-SNOS	cfde_subject_role:0	NCBI:txid9606
http://www.lincsproject.org/	GTEX-ZLFU	cfde_subject_role:0	NCBI:txid9606
http://www.lincsproject.org/	GTEX-S32W	cfde_subject_role:0	NCBI:txid9606
http://www.lincsproject.org/	GTEX-QDVN	cfde_subject_role:0	NCBI:txid9606
http://www.lincsproject.org/	GTEX-XMD3	cfde_subject_role:0	NCBI:txid9606
http://www.lincsproject.org/	GTEX-TML8	cfde_subject_role:0	NCBI:txid9606
http://www.lincsproject.org/	GTEX-WEY5	cfde_subject_role:0	NCBI:txid9606
http://www.lincsproject.org/	GTEX-X3Y1	cfde_subject_role:0	NCBI:txid9606
http://www.lincsproject.org/	GTEX-XMD2	cfde_subject_role:0	NCBI:txid9606
http://www.lincsproject.org/	GTEX-WHWD	cfde_subject_role:0	NCBI:txid9606
http://www.lincsproject.org/	GTEX-PLZ5	cfde_subject_role:0	NCBI:txid9606
http://www.lincsproject.org/	GTEX-ZC5H	cfde_subject_role:0	NCBI:txid9606
http://www.lincsproject.org/	GTEX-OOBK	cfde_subject_role:0	NCBI:txid9606
http://www.lincsproject.org/	GTEX-T6MO	cfde_subject_role:0	NCBI:txid9606
http://www.lincsproject.org/	GTEX-NL4W	cfde_subject_role:0	NCBI:txid9606
http://www.lincsproject.org/	GTEX-Q2AH	cfde_subject_role:0	NCBI:txid9606
http://www.lincsproject.org/	GTEX-SSA3	cfde_subject_role:0	NCBI:txid9606
http://www.lincsproject.org/	GTEX-S7PM	cfde_subject_role:0	NCBI:txid9606
http://www.lincsproject.org/	GTEX-PLZ4	cfde_subject_role:0	NCBI:txid9606
http://www.lincsproject.org/	GTEX-Y3IK	cfde_subject_role:0	NCBI:txid9606
http://www.lincsproject.org/	GTEX-T6MN	cfde_subject_role:0	NCBI:txid9606
http://www.lincsproject.org/	GTEX-VJWN	cfde_subject_role:0	NCBI:txid9606
http://www.lincsproject.org/	GTEX-WFON	cfde_subject_role:0	NCBI:txid9606
http://www.lincsproject.org/	GTEX-UPK5	cfde_subject_role:0	NCBI:txid9606
http://www.lincsproject.org/	GTEX-VJYA	cfde_subject_role:0	NCBI:txid9606
http://www.lincsproject.org/	GTEX-XBED	cfde_subject_role:0	NCBI:txid9606
http://www.lincsproject.org/	GTEX-SIU8	cfde_subject_role:0	NCBI:txid9606
http://www.lincsproject.org/	GTEX-PSDG	cfde_subject_role:0	NCBI:txid9606
http://www.lincsproject.org/	GTEX-S4Z8	cfde_subject_role:0	NCBI:txid9606
http://www.lincsproject.org/	GTEX-S7SF	cfde_subject_role:0	NCBI:txid9606
http://www.lincsproject.org/	GTEX-YECK	cfde_subject_role:0	NCBI:txid9606
http://www.lincsproject.org/	GTEX-U4B1	cfde_subject_role:0	NCBI:txid9606
http://www.lincsproject.org/	GTEX-UJMC	cfde_subject_role:0	NCBI:txid9606
http://www.lincsproject.org/	GTEX-RM2N	cfde_subject_role:0	NCBI:txid9606
http://www.lincsproject.org/	GTEX-WRHU	cfde_subject_role:0	NCBI:txid9606
http://www.lincsproject.org/	GTEX-TKQ1	cfde_subject_role:0	NCBI:txid9606
http://www.lincsproject.org/	GTEX-WFG7	cfde_subject_role:0	NCBI:txid9606
http://www.lincsproject.org/	GTEX-Y114	cfde_subject_role:0	NCBI:txid9606
http://www.lincsproject.org/	GTEX-ZTTD	cfde_subject_role:0	NCBI:txid9606
http://www.lincsproject.org/	GTEX-YJ89	cfde_subject_role:0	NCBI:txid9606
http://www.lincsproject.org/	GTEX-XPT6	cfde_subject_role:0	NCBI:txid9606
http://www.lincsproject.org/	GTEX-RWS6	cfde_subject_role:0	NCBI:txid9606
http://www.lincsproject.org/	GTEX-RUSQ	cfde_subject_role:0	NCBI:txid9606
http://www.lincsproject.org/	GTEX-REY6	cfde_subject_role:0	NCBI:txid9606
http://www.lincsproject.org/	GTEX-S4P3	cfde_subject_role:0	NCBI:txid9606
http://www.lincsproject.org/	GTEX-RTLS	cfde_subject_role:0	NCBI:txid9606
http://www.lincsproject.org/	GTEX-T5JC	cfde_subject_role:0	NCBI:txid9606
http://www.lincsproject.org/	GTEX-X4EO	cfde_subject_role:0	NCBI:txid9606
http://www.lincsproject.org/	GTEX-R55G	cfde_subject_role:0	NCBI:txid9606
http://www.lincsproject.org/	GTEX-UPIC	cfde_subject_role:0	NCBI:txid9606
http://www.lincsproject.org/	GTEX-SE5C	cfde_subject_role:0	NCBI:txid9606
http://www.lincsproject.org/	GTEX-WRHK	cfde_subject_role:0	NCBI:txid9606
http://www.lincsproject.org/	GTEX-PVOW	cfde_subject_role:0	NCBI:txid9606
http://www.lincsproject.org/	GTEX-Y5LM	cfde_subject_role:0	NCBI:txid9606
http://www.lincsproject.org/	GTEX-XGQ4	cfde_subject_role:0	NCBI:txid9606
http://www.lincsproject.org/	GTEX-N7MS	cfde_subject_role:0	NCBI:txid9606
http://www.lincsproject.org/	GTEX-ZG7Y	cfde_subject_role:0	NCBI:txid9606
http://www.lincsproject.org/	GTEX-ZQUD	cfde_subject_role:0	NCBI:txid9606
http://www.lincsproject.org/	GTEX-OXRO	cfde_subject_role:0	NCBI:txid9606
http://www.lincsproject.org/	GTEX-WHSB	cfde_subject_role:0	NCBI:txid9606
http://www.lincsproject.org/	GTEX-R55E	cfde_subject_role:0	NCBI:txid9606
http://www.lincsproject.org/	GTEX-X62O	cfde_subject_role:0	NCBI:txid9606
http://www.lincsproject.org/	GTEX-U8XE	cfde_subject_role:0	NCBI:txid9606
http://www.lincsproject.org/	GTEX-OIZG	cfde_subject_role:0	NCBI:txid9606
http://www.lincsproject.org/	GTEX-ZF2S	cfde_subject_role:0	NCBI:txid9606
http://www.lincsproject.org/	GTEX-WFJO	cfde_subject_role:0	NCBI:txid9606
http://www.lincsproject.org/	GTEX-WHSE	cfde_subject_role:0	NCBI:txid9606
http://www.lincsproject.org/	GTEX-XPVG	cfde_subject_role:0	NCBI:txid9606
http://www.lincsproject.org/	GTEX-X4EP	cfde_subject_role:0	NCBI:txid9606
http://www.lincsproject.org/	GTEX-NPJ8	cfde_subject_role:0	NCBI:txid9606
http://www.lincsproject.org/	GTEX-WZTO	cfde_subject_role:0	NCBI:txid9606
http://www.lincsproject.org/	GTEX-P4QS	cfde_subject_role:0	NCBI:txid9606
http://www.lincsproject.org/	GTEX-U3ZH	cfde_subject_role:0	NCBI:txid9606
http://www.lincsproject.org/	GTEX-ZF3C	cfde_subject_role:0	NCBI:txid9606
http://www.lincsproject.org/	GTEX-P4QR	cfde_subject_role:0	NCBI:txid9606
http://www.lincsproject.org/	GTEX-Y3I4	cfde_subject_role:0	NCBI:txid9606
http://www.lincsproject.org/	GTEX-YFCO	cfde_subject_role:0	NCBI:txid9606
http://www.lincsproject.org/	GTEX-ZT9W	cfde_subject_role:0	NCBI:txid9606
http://www.lincsproject.org/	GTEX-X5EB	cfde_subject_role:0	NCBI:txid9606
http://www.lincsproject.org/	GTEX-NL3G	cfde_subject_role:0	NCBI:txid9606
http://www.lincsproject.org/	GTEX-WL46	cfde_subject_role:0	NCBI:txid9606
http://www.lincsproject.org/	GTEX-XAJ8	cfde_subject_role:0	NCBI:txid9606
http://www.lincsproject.org/	GTEX-R55D	cfde_subject_role:0	NCBI:txid9606
http://www.lincsproject.org/	GTEX-XLM4	cfde_subject_role:0	NCBI:txid9606
http://www.lincsproject.org/	GTEX-N7MT	cfde_subject_role:0	NCBI:txid9606
http://www.lincsproject.org/	GTEX-T8EM	cfde_subject_role:0	NCBI:txid9606
http://www.lincsproject.org/	GTEX-U3ZM	cfde_subject_role:0	NCBI:txid9606
http://www.lincsproject.org/	GTEX-QMR6	cfde_subject_role:0	NCBI:txid9606
http://www.lincsproject.org/	GTEX-O5YW	cfde_subject_role:0	NCBI:txid9606
http://www.lincsproject.org/	GTEX-V1D1	cfde_subject_role:0	NCBI:txid9606
http://www.lincsproject.org/	GTEX-OXRN	cfde_subject_role:0	NCBI:txid9606
http://www.lincsproject.org/	GTEX-RU1J	cfde_subject_role:0	NCBI:txid9606
http://www.lincsproject.org/	GTEX-UJHI	cfde_subject_role:0	NCBI:txid9606
http://www.lincsproject.org/	GTEX-QXCU	cfde_subject_role:0	NCBI:txid9606
http://www.lincsproject.org/	GTEX-ZLV1	cfde_subject_role:0	NCBI:txid9606
http://www.lincsproject.org/	GTEX-WFG8	cfde_subject_role:0	NCBI:txid9606
http://www.lincsproject.org/	GTEX-Y8DK	cfde_subject_role:0	NCBI:txid9606
http://www.lincsproject.org/	GTEX-OIZH	cfde_subject_role:0	NCBI:txid9606
http://www.lincsproject.org/	GTEX-Y5V5	cfde_subject_role:0	NCBI:txid9606
http://www.lincsproject.org/	GTEX-P44H	cfde_subject_role:0	NCBI:txid9606
http://www.lincsproject.org/	GTEX-TSE9	cfde_subject_role:0	NCBI:txid9606
http://www.lincsproject.org/	GTEX-WHPG	cfde_subject_role:0	NCBI:txid9606
http://www.lincsproject.org/	GTEX-ZVP2	cfde_subject_role:0	NCBI:txid9606
http://www.lincsproject.org/	GTEX-ZDTS	cfde_subject_role:0	NCBI:txid9606
http://www.lincsproject.org/	GTEX-XUW1	cfde_subject_role:0	NCBI:txid9606
http://www.lincsproject.org/	GTEX-X261	cfde_subject_role:0	NCBI:txid9606
http://www.lincsproject.org/	GTEX-QV44	cfde_subject_role:0	NCBI:txid9606
http://www.lincsproject.org/	GTEX-ZUA1	cfde_subject_role:0	NCBI:txid9606
http://www.lincsproject.org/	GTEX-ZV7C	cfde_subject_role:0	NCBI:txid9606
http://www.lincsproject.org/	GTEX-OOBJ	cfde_subject_role:0	NCBI:txid9606
http://www.lincsproject.org/	GTEX-SIU7	cfde_subject_role:0	NCBI:txid9606
http://www.lincsproject.org/	GTEX-R53T	cfde_subject_role:0	NCBI:txid9606
http://www.lincsproject.org/	GTEX-ZQG8	cfde_subject_role:0	NCBI:txid9606
http://www.lincsproject.org/	GTEX-T2IS	cfde_subject_role:0	NCBI:txid9606
http://www.lincsproject.org/	GTEX-PWO3	cfde_subject_role:0	NCBI:txid9606
http://www.lincsproject.org/	GTEX-WOFL	cfde_subject_role:0	NCBI:txid9606
http://www.lincsproject.org/	GTEX-ZPCL	cfde_subject_role:0	NCBI:txid9606
http://www.lincsproject.org/	GTEX-QDVJ	cfde_subject_role:0	NCBI:txid9606
http://www.lincsproject.org/	GTEX-ZTPG	cfde_subject_role:0	NCBI:txid9606
http://www.lincsproject.org/	GTEX-X88G	cfde_subject_role:0	NCBI:txid9606
http://www.lincsproject.org/	GTEX-X4XX	cfde_subject_role:0	NCBI:txid9606
http://www.lincsproject.org/	GTEX-XUYS	cfde_subject_role:0	NCBI:txid9606
http://www.lincsproject.org/	GTEX-X4XY	cfde_subject_role:0	NCBI:txid9606
http://www.lincsproject.org/	GTEX-OIZI	cfde_subject_role:0	NCBI:txid9606
http://www.lincsproject.org/	GTEX-TMZS	cfde_subject_role:0	NCBI:txid9606
http://www.lincsproject.org/	GTEX-OHPN	cfde_subject_role:0	NCBI:txid9606
http://www.lincsproject.org/	GTEX-YB5E	cfde_subject_role:0	NCBI:txid9606
http://www.lincsproject.org/	GTEX-Q2AI	cfde_subject_role:0	NCBI:txid9606
http://www.lincsproject.org/	GTEX-QLQW	cfde_subject_role:0	NCBI:txid9606
http://www.lincsproject.org/	GTEX-QLQ7	cfde_subject_role:0	NCBI:txid9606
http://www.lincsproject.org/	GTEX-U8T8	cfde_subject_role:0	NCBI:txid9606
http://www.lincsproject.org/	GTEX-XV7Q	cfde_subject_role:0	NCBI:txid9606
http://www.lincsproject.org/	GTEX-WQUQ	cfde_subject_role:0	NCBI:txid9606
http://www.lincsproject.org/	GTEX-ZPU1	cfde_subject_role:0	NCBI:txid9606
http://www.lincsproject.org/	GTEX-OHPM	cfde_subject_role:0	NCBI:txid9606
http://www.lincsproject.org/	GTEX-NPJ7	cfde_subject_role:0	NCBI:txid9606
http://www.lincsproject.org/	GTEX-WYJK	cfde_subject_role:0	NCBI:txid9606
http://www.lincsproject.org/	GTEX-QEL4	cfde_subject_role:0	NCBI:txid9606
http://www.lincsproject.org/	GTEX-ZP4G	cfde_subject_role:0	NCBI:txid9606
http://www.lincsproject.org/	GTEX-XUZC	cfde_subject_role:0	NCBI:txid9606
http://www.lincsproject.org/	GTEX-P4PQ	cfde_subject_role:0	NCBI:txid9606
http://www.lincsproject.org/	GTEX-RU72	cfde_subject_role:0	NCBI:txid9606
http://www.lincsproject.org/	GTEX-W5X1	cfde_subject_role:0	NCBI:txid9606
http://www.lincsproject.org/	GTEX-QMRM	cfde_subject_role:0	NCBI:txid9606
http://www.lincsproject.org/	GTEX-R55C	cfde_subject_role:0	NCBI:txid9606
http://www.lincsproject.org/	GTEX-U3ZG	cfde_subject_role:0	NCBI:txid9606
http://www.lincsproject.org/	GTEX-SUCS	cfde_subject_role:0	NCBI:txid9606
http://www.lincsproject.org/	GTEX-X585	cfde_subject_role:0	NCBI:txid9606
http://www.lincsproject.org/	GTEX-S7SE	cfde_subject_role:0	NCBI:txid9606
http://www.lincsproject.org/	GTEX-SJXC	cfde_subject_role:0	NCBI:txid9606
http://www.lincsproject.org/	GTEX-ZGAY	cfde_subject_role:0	NCBI:txid9606
http://www.lincsproject.org/	GTEX-W5WG	cfde_subject_role:0	NCBI:txid9606
http://www.lincsproject.org/	GTEX-WWYW	cfde_subject_role:0	NCBI:txid9606
http://www.lincsproject.org/	GTEX-ZT9X	cfde_subject_role:0	NCBI:txid9606
http://www.lincsproject.org/	GTEX-WYVS	cfde_subject_role:0	NCBI:txid9606
http://www.lincsproject.org/	GTEX-P4QT	cfde_subject_role:0	NCBI:txid9606
http://www.lincsproject.org/	GTEX-S33H	cfde_subject_role:0	NCBI:txid9606
http://www.lincsproject.org/	GTEX-XOT4	cfde_subject_role:0	NCBI:txid9606
http://www.lincsproject.org/	GTEX-XBEC	cfde_subject_role:0	NCBI:txid9606
http://www.lincsproject.org/	GTEX-ZAB4	cfde_subject_role:0	NCBI:txid9606
http://www.lincsproject.org/	GTEX-WY7C	cfde_subject_role:0	NCBI:txid9606
http://www.lincsproject.org/	GTEX-OXRK	cfde_subject_role:0	NCBI:txid9606
http://www.lincsproject.org/	GTEX-POMQ	cfde_subject_role:0	NCBI:txid9606
http://www.lincsproject.org/	GTEX-QV31	cfde_subject_role:0	NCBI:txid9606
http://www.lincsproject.org/	GTEX-ZV68	cfde_subject_role:0	NCBI:txid9606
http://www.lincsproject.org/	GTEX-O5YT	cfde_subject_role:0	NCBI:txid9606
http://www.lincsproject.org/	GTEX-S4UY	cfde_subject_role:0	NCBI:txid9606
http://www.lincsproject.org/	GTEX-O5YU	cfde_subject_role:0	NCBI:txid9606
http://www.lincsproject.org/	GTEX-ZVE2	cfde_subject_role:0	NCBI:txid9606
http://www.lincsproject.org/	GTEX-YB5K	cfde_subject_role:0	NCBI:txid9606
http://www.lincsproject.org/	GTEX-ZVT2	cfde_subject_role:0	NCBI:txid9606
http://www.lincsproject.org/	GTEX-X8HC	cfde_subject_role:0	NCBI:txid9606
http://www.lincsproject.org/	GTEX-WWTW	cfde_subject_role:0	NCBI:txid9606
http://www.lincsproject.org/	GTEX-WVLH	cfde_subject_role:0	NCBI:txid9606
http://www.lincsproject.org/	GTEX-OXRP	cfde_subject_role:0	NCBI:txid9606
http://www.lincsproject.org/	GTEX-WXYG	cfde_subject_role:0	NCBI:txid9606
http://www.lincsproject.org/	GTEX-WYBS	cfde_subject_role:0	NCBI:txid9606
http://www.lincsproject.org/	GTEX-P4PP	cfde_subject_role:0	NCBI:txid9606
http://www.lincsproject.org/	GTEX-R55F	cfde_subject_role:0	NCBI:txid9606
http://www.lincsproject.org/	GTEX-R45C	cfde_subject_role:0	NCBI:txid9606
http://www.lincsproject.org/	GTEX-S95S	cfde_subject_role:0	NCBI:txid9606
http://www.lincsproject.org/	GTEX-Y8LW	cfde_subject_role:0	NCBI:txid9606
http://www.lincsproject.org/	GTEX-ZV6S	cfde_subject_role:0	NCBI:txid9606
http://www.lincsproject.org/	GTEX-NL3H	cfde_subject_role:0	NCBI:txid9606
http://www.lincsproject.org/	GTEX-ZVZP	cfde_subject_role:0	NCBI:txid9606
http://www.lincsproject.org/	GTEX-ZDXO	cfde_subject_role:0	NCBI:txid9606
http://www.lincsproject.org/	GTEX-YF7O	cfde_subject_role:0	NCBI:txid9606
http://www.lincsproject.org/	GTEX-UPJH	cfde_subject_role:0	NCBI:txid9606
http://www.lincsproject.org/	GTEX-RN64	cfde_subject_role:0	NCBI:txid9606
http://www.lincsproject.org/	GTEX-PWCY	cfde_subject_role:0	NCBI:txid9606
http://www.lincsproject.org/	GTEX-QVUS	cfde_subject_role:0	NCBI:txid9606
http://www.lincsproject.org/	GTEX-RVPU	cfde_subject_role:0	NCBI:txid9606
http://www.lincsproject.org/	GTEX-QVJO	cfde_subject_role:0	NCBI:txid9606
http://www.lincsproject.org/	GTEX-ZVZQ	cfde_subject_role:0	NCBI:txid9606
http://www.lincsproject.org/	GTEX-Y8E5	cfde_subject_role:0	NCBI:txid9606
http://www.lincsproject.org/	GTEX-Z93S	cfde_subject_role:0	NCBI:txid9606
http://www.lincsproject.org/	GTEX-ZEX8	cfde_subject_role:0	NCBI:txid9606
http://www.lincsproject.org/	GTEX-WI4N	cfde_subject_role:0	NCBI:txid9606
http://www.lincsproject.org/	GTEX-WCDI	cfde_subject_role:0	NCBI:txid9606
http://www.lincsproject.org/	GTEX-ZVTK	cfde_subject_role:0	NCBI:txid9606
http://www.lincsproject.org/	GTEX-VUSH	cfde_subject_role:0	NCBI:txid9606
http://www.lincsproject.org/	GTEX-R3RS	cfde_subject_role:0	NCBI:txid9606
http://www.lincsproject.org/	GTEX-ZE9C	cfde_subject_role:0	NCBI:txid9606
http://www.lincsproject.org/	GTEX-YFC4	cfde_subject_role:0	NCBI:txid9606
http://www.lincsproject.org/	GTEX-ZDYS	cfde_subject_role:0	NCBI:txid9606
http://www.lincsproject.org/	GTEX-ZF29	cfde_subject_role:0	NCBI:txid9606
http://www.lincsproject.org/	GTEX-ZF28	cfde_subject_role:0	NCBI:txid9606
http://www.lincsproject.org/	GTEX-T2YK	cfde_subject_role:0	NCBI:txid9606
http://www.lincsproject.org/	GTEX-XMD1	cfde_subject_role:0	NCBI:txid9606
http://www.lincsproject.org/	GTEX-U412	cfde_subject_role:0	NCBI:txid9606
http://www.lincsproject.org/	GTEX-ZVE1	cfde_subject_role:0	NCBI:txid9606
http://www.lincsproject.org/	GTEX-ZVT4	cfde_subject_role:0	NCBI:txid9606
